REF60,1,bench_2026-09-19_002528.log,v12,end=1,w1=0x331,cfg=none,SC01=50,SC02=50,SC03=50,SC04=50,FP=0,L3p50=65685,outs=2
REF60,2,bench_2026-09-19_002539.log,v12,end=1,w1=0x331,cfg=none,SC01=50,SC02=50,SC03=50,SC04=50,FP=0,L3p50=65685,outs=0
REF60,3,bench_2026-09-19_002549.log,v12,end=1,w1=0x331,cfg=none,SC01=50,SC02=50,SC03=50,SC04=50,FP=0,L3p50=65685,outs=2
REF60,4,bench_2026-09-19_002559.log,v12,end=1,w1=0x331,cfg=none,SC01=50,SC02=50,SC03=50,SC04=50,FP=0,L3p50=65685,outs=4
REF60,5,bench_2026-09-19_002610.log,v12,end=1,w1=0x331,cfg=none,SC01=50,SC02=50,SC03=50,SC04=50,FP=0,L3p50=65685,outs=2
REF60,6,bench_2026-09-19_002620.log,v12,end=1,w1=0x331,cfg=none,SC01=50,SC02=50,SC03=50,SC04=50,FP=0,L3p50=65685,outs=3
REF60,7,bench_2026-09-19_002630.log,v12,end=1,w1=0x331,cfg=none,SC01=50,SC02=50,SC03=50,SC04=50,FP=0,L3p50=65685,outs=1
REF60,8,bench_2026-09-19_002641.log,v12,end=1,w1=0x331,cfg=none,SC01=50,SC02=50,SC03=50,SC04=50,FP=0,L3p50=65685,outs=0
REF60,9,bench_2026-09-19_002651.log,v12,end=1,w1=0x331,cfg=none,SC01=50,SC02=50,SC03=50,SC04=50,FP=0,L3p50=65685,outs=2
REF60,10,bench_2026-09-19_002701.log,v12,end=1,w1=0x331,cfg=none,SC01=50,SC02=50,SC03=50,SC04=50,FP=0,L3p50=65685,outs=1
REF60,11,bench_2026-09-19_002712.log,v12,end=1,w1=0x331,cfg=none,SC01=50,SC02=50,SC03=50,SC04=50,FP=0,L3p50=65685,outs=3
REF60,12,bench_2026-09-19_002722.log,v12,end=1,w1=0x331,cfg=none,SC01=50,SC02=50,SC03=50,SC04=50,FP=0,L3p50=65685,outs=0
REF60,13,bench_2026-09-19_002733.log,v12,end=1,w1=0x331,cfg=none,SC01=50,SC02=50,SC03=50,SC04=50,FP=0,L3p50=65685,outs=2
REF60,14,bench_2026-09-19_002743.log,v12,end=1,w1=0x331,cfg=none,SC01=50,SC02=50,SC03=50,SC04=50,FP=0,L3p50=65685,outs=0
REF60,15,bench_2026-09-19_002753.log,v12,end=1,w1=0x331,cfg=none,SC01=50,SC02=50,SC03=50,SC04=50,FP=0,L3p50=65685,outs=3
REF60,16,bench_2026-09-19_002803.log,v12,end=1,w1=0x331,cfg=none,SC01=50,SC02=50,SC03=50,SC04=50,FP=0,L3p50=65685,outs=3
REF60,17,bench_2026-09-19_002814.log,v12,end=1,w1=0x331,cfg=none,SC01=50,SC02=50,SC03=50,SC04=50,FP=0,L3p50=65685,outs=0
REF60,18,bench_2026-09-19_002824.log,v12,end=1,w1=0x331,cfg=none,SC01=50,SC02=50,SC03=50,SC04=50,FP=0,L3p50=65685,outs=0
REF60,19,bench_2026-09-19_002835.log,v12,end=1,w1=0x331,cfg=none,SC01=50,SC02=50,SC03=50,SC04=50,FP=0,L3p50=65685,outs=2
REF60,20,bench_2026-09-19_002845.log,v12,end=1,w1=0x331,cfg=none,SC01=50,SC02=50,SC03=50,SC04=50,FP=0,L3p50=65685,outs=0
REF60,21,bench_2026-09-19_002855.log,v12,end=1,w1=0x331,cfg=none,SC01=50,SC02=50,SC03=50,SC04=50,FP=0,L3p50=65685,outs=0
REF60,22,bench_2026-09-19_002906.log,v12,end=1,w1=0x331,cfg=none,SC01=50,SC02=50,SC03=50,SC04=50,FP=0,L3p50=65685,outs=0
REF60,23,bench_2026-09-19_002916.log,v12,end=1,w1=0x331,cfg=none,SC01=50,SC02=50,SC03=50,SC04=50,FP=0,L3p50=65685,outs=0
REF60,24,bench_2026-09-19_002926.log,v12,end=1,w1=0x331,cfg=none,SC01=50,SC02=50,SC03=50,SC04=50,FP=0,L3p50=65685,outs=4
REF60,25,bench_2026-09-19_002937.log,v12,end=1,w1=0x331,cfg=none,SC01=50,SC02=50,SC03=50,SC04=50,FP=0,L3p50=65685,outs=2
REF60,26,bench_2026-09-19_002947.log,v12,end=1,w1=0x331,cfg=none,SC01=50,SC02=50,SC03=50,SC04=50,FP=0,L3p50=65685,outs=2
REF60,27,bench_2026-09-19_002957.log,v12,end=1,w1=0x331,cfg=none,SC01=50,SC02=50,SC03=50,SC04=50,FP=0,L3p50=65685,outs=0
REF60,28,bench_2026-09-19_003008.log,v12,end=1,w1=0x331,cfg=none,SC01=50,SC02=50,SC03=50,SC04=50,FP=0,L3p50=65685,outs=2
REF60,29,bench_2026-09-19_003018.log,v12,end=1,w1=0x331,cfg=none,SC01=50,SC02=50,SC03=50,SC04=50,FP=0,L3p50=65685,outs=2
REF60,30,bench_2026-09-19_003028.log,v12,end=1,w1=0x331,cfg=none,SC01=50,SC02=50,SC03=50,SC04=50,FP=0,L3p50=65685,outs=6
REF60,31,bench_2026-09-19_003039.log,v12,end=1,w1=0x331,cfg=none,SC01=50,SC02=50,SC03=50,SC04=50,FP=0,L3p50=65685,outs=1
REF60,32,bench_2026-09-19_003049.log,v12,end=1,w1=0x331,cfg=none,SC01=50,SC02=50,SC03=50,SC04=50,FP=0,L3p50=65685,outs=3
REF60,33,bench_2026-09-19_003059.log,v12,end=1,w1=0x331,cfg=none,SC01=50,SC02=50,SC03=50,SC04=50,FP=0,L3p50=65685,outs=0
REF60,34,bench_2026-09-19_003109.log,v12,end=1,w1=0x331,cfg=none,SC01=50,SC02=50,SC03=50,SC04=50,FP=0,L3p50=65685,outs=0
REF60,35,bench_2026-09-19_003119.log,v12,end=1,w1=0x331,cfg=none,SC01=50,SC02=50,SC03=50,SC04=50,FP=0,L3p50=65685,outs=0
REF60,36,bench_2026-09-19_003130.log,v12,end=1,w1=0x331,cfg=none,SC01=50,SC02=50,SC03=50,SC04=50,FP=0,L3p50=65685,outs=0
REF60,37,bench_2026-09-19_003140.log,v12,end=1,w1=0x331,cfg=none,SC01=50,SC02=50,SC03=50,SC04=50,FP=0,L3p50=65685,outs=0
REF60,38,bench_2026-09-19_003150.log,v12,end=1,w1=0x331,cfg=none,SC01=50,SC02=50,SC03=50,SC04=50,FP=0,L3p50=65685,outs=3
REF60,39,bench_2026-09-19_003200.log,v12,end=1,w1=0x331,cfg=none,SC01=50,SC02=50,SC03=50,SC04=50,FP=0,L3p50=65685,outs=0
REF60,40,bench_2026-09-19_003210.log,v12,end=1,w1=0x331,cfg=none,SC01=50,SC02=50,SC03=50,SC04=50,FP=0,L3p50=65685,outs=1
REF60,41,bench_2026-09-19_003221.log,v12,end=1,w1=0x331,cfg=none,SC01=50,SC02=50,SC03=50,SC04=50,FP=0,L3p50=65685,outs=1
REF60,42,bench_2026-09-19_003231.log,v12,end=1,w1=0x331,cfg=none,SC01=50,SC02=50,SC03=50,SC04=50,FP=0,L3p50=65685,outs=0
REF60,43,bench_2026-09-19_003241.log,v12,end=1,w1=0x331,cfg=none,SC01=50,SC02=50,SC03=50,SC04=50,FP=0,L3p50=65685,outs=1
REF60,44,bench_2026-09-19_003252.log,v12,end=1,w1=0x331,cfg=none,SC01=50,SC02=50,SC03=50,SC04=50,FP=0,L3p50=65685,outs=2
REF60,45,bench_2026-09-19_003302.log,v12,end=1,w1=0x331,cfg=none,SC01=50,SC02=50,SC03=50,SC04=50,FP=0,L3p50=65685,outs=3
REF60,46,bench_2026-09-19_003312.log,v12,end=1,w1=0x331,cfg=none,SC01=50,SC02=50,SC03=50,SC04=50,FP=0,L3p50=65685,outs=2
REF60,47,bench_2026-09-19_003323.log,v12,end=1,w1=0x331,cfg=none,SC01=50,SC02=50,SC03=50,SC04=50,FP=0,L3p50=65685,outs=3
REF60,48,bench_2026-09-19_003333.log,v12,end=1,w1=0x331,cfg=none,SC01=50,SC02=50,SC03=50,SC04=50,FP=0,L3p50=65685,outs=3
REF60,49,bench_2026-09-19_003343.log,v12,end=1,w1=0x331,cfg=none,SC01=50,SC02=50,SC03=50,SC04=50,FP=0,L3p50=65685,outs=0
REF60,50,bench_2026-09-19_003354.log,v12,end=1,w1=0x331,cfg=none,SC01=50,SC02=50,SC03=50,SC04=50,FP=0,L3p50=65685,outs=2
REF60,51,bench_2026-09-19_003404.log,v12,end=1,w1=0x331,cfg=none,SC01=50,SC02=50,SC03=50,SC04=50,FP=0,L3p50=65685,outs=0
REF60,52,bench_2026-09-19_003414.log,v12,end=1,w1=0x331,cfg=none,SC01=50,SC02=50,SC03=50,SC04=50,FP=0,L3p50=65685,outs=0
REF60,53,bench_2026-09-19_003425.log,v12,end=1,w1=0x331,cfg=none,SC01=50,SC02=50,SC03=50,SC04=50,FP=0,L3p50=65685,outs=0
REF60,54,bench_2026-09-19_003435.log,v12,end=1,w1=0x331,cfg=none,SC01=50,SC02=50,SC03=50,SC04=50,FP=0,L3p50=65685,outs=2
REF60,55,bench_2026-09-19_003445.log,v12,end=1,w1=0x331,cfg=none,SC01=50,SC02=50,SC03=50,SC04=50,FP=0,L3p50=65685,outs=0
REF60,56,bench_2026-09-19_003456.log,v12,end=1,w1=0x331,cfg=none,SC01=50,SC02=50,SC03=50,SC04=50,FP=0,L3p50=237,outs=15
REF60,57,bench_2026-09-19_003506.log,v12,end=1,w1=0x331,cfg=none,SC01=50,SC02=50,SC03=50,SC04=50,FP=0,L3p50=65685,outs=0
REF60,58,bench_2026-09-19_003516.log,v12,end=1,w1=0x331,cfg=none,SC01=50,SC02=50,SC03=50,SC04=50,FP=0,L3p50=65685,outs=2
REF60,59,bench_2026-09-19_003527.log,v12,end=1,w1=0x331,cfg=none,SC01=50,SC02=50,SC03=50,SC04=50,FP=0,L3p50=65685,outs=2
REF60,60,bench_2026-09-19_003537.log,v12,end=1,w1=0x331,cfg=none,SC01=50,SC02=50,SC03=50,SC04=50,FP=0,L3p50=65685,outs=2
