REF,1,bench_2026-09-15_110342.log,v12,end=1,w1=0x331,cfg=none,SC01=50,SC02=50,SC03=50,SC04=50,FP=0,L3p50=65685,outs=2
REF,2,bench_2026-09-15_110350.log,v12,end=1,w1=0x331,cfg=none,SC01=50,SC02=50,SC03=50,SC04=50,FP=0,L3p50=65685,outs=0
REF,3,bench_2026-09-15_110358.log,v12,end=1,w1=0x331,cfg=none,SC01=50,SC02=50,SC03=50,SC04=50,FP=0,L3p50=65685,outs=0
REF,4,bench_2026-09-15_110407.log,v12,end=1,w1=0x331,cfg=none,SC01=50,SC02=50,SC03=50,SC04=50,FP=0,L3p50=65685,outs=2
REF,5,bench_2026-09-15_110415.log,v12,end=1,w1=0x331,cfg=none,SC01=50,SC02=50,SC03=50,SC04=50,FP=0,L3p50=65685,outs=3
REF,6,bench_2026-09-15_110423.log,v12,end=1,w1=0x331,cfg=none,SC01=50,SC02=50,SC03=50,SC04=50,FP=0,L3p50=65685,outs=0
REF,7,bench_2026-09-15_110431.log,v12,end=1,w1=0x331,cfg=none,SC01=50,SC02=50,SC03=50,SC04=50,FP=0,L3p50=65685,outs=0
REF,8,bench_2026-09-15_110439.log,v12,end=1,w1=0x331,cfg=none,SC01=50,SC02=50,SC03=50,SC04=50,FP=0,L3p50=65685,outs=1
REF,9,bench_2026-09-15_110448.log,v12,end=1,w1=0x331,cfg=none,SC01=50,SC02=50,SC03=50,SC04=50,FP=0,L3p50=65685,outs=0
REF,10,bench_2026-09-15_110456.log,v12,end=1,w1=0x331,cfg=none,SC01=50,SC02=50,SC03=50,SC04=50,FP=0,L3p50=65685,outs=0
REF,11,bench_2026-09-15_110504.log,v12,end=1,w1=0x331,cfg=none,SC01=50,SC02=50,SC03=50,SC04=50,FP=0,L3p50=65685,outs=1
THR3,1,bench_2026-09-15_110513.log,v12,end=1,w1=0x30331,cfg=none,SC01=50,SC02=50,SC03=50,SC04=50,FP=0,L3p50=159,outs=50
THR3,2,bench_2026-09-15_110521.log,v12,end=1,w1=0x30331,cfg=none,SC01=50,SC02=50,SC03=50,SC04=50,FP=0,L3p50=159,outs=50
THR3,3,bench_2026-09-15_110529.log,v12,end=1,w1=0x30331,cfg=none,SC01=50,SC02=50,SC03=50,SC04=50,FP=0,L3p50=159,outs=49
THR3,4,bench_2026-09-15_110538.log,v12,end=1,w1=0x30331,cfg=none,SC01=50,SC02=50,SC03=50,SC04=50,FP=0,L3p50=159,outs=50
THR3,5,bench_2026-09-15_110546.log,v12,end=1,w1=0x30331,cfg=none,SC01=50,SC02=50,SC03=50,SC04=50,FP=0,L3p50=159,outs=50
THR3,6,bench_2026-09-15_110554.log,v12,end=1,w1=0x30331,cfg=none,SC01=50,SC02=50,SC03=50,SC04=50,FP=0,L3p50=159,outs=50
THR4,1,bench_2026-09-15_110603.log,v12,end=1,w1=0x40331,cfg=none,SC01=50,SC02=50,SC03=50,SC04=50,FP=0,L3p50=159,outs=49
THR4,2,bench_2026-09-15_110611.log,v12,end=1,w1=0x40331,cfg=none,SC01=50,SC02=50,SC03=50,SC04=50,FP=0,L3p50=159,outs=49
THR4,3,bench_2026-09-15_110620.log,v12,end=1,w1=0x40331,cfg=none,SC01=50,SC02=50,SC03=50,SC04=50,FP=0,L3p50=159,outs=50
THR4,4,bench_2026-09-15_110628.log,v12,end=1,w1=0x40331,cfg=none,SC01=50,SC02=50,SC03=50,SC04=50,FP=0,L3p50=159,outs=50
THR4,5,bench_2026-09-15_110636.log,v12,end=1,w1=0x40331,cfg=none,SC01=50,SC02=50,SC03=50,SC04=50,FP=0,L3p50=159,outs=50
THR4,6,bench_2026-09-15_110644.log,v12,end=1,w1=0x40331,cfg=none,SC01=50,SC02=50,SC03=50,SC04=50,FP=0,L3p50=159,outs=50
THR5,1,bench_2026-09-15_110653.log,v12,end=1,w1=0x50331,cfg=none,SC01=50,SC02=50,SC03=50,SC04=50,FP=0,L3p50=225,outs=38
THR5,2,bench_2026-09-15_110701.log,v12,end=1,w1=0x50331,cfg=none,SC01=50,SC02=50,SC03=50,SC04=50,FP=0,L3p50=231,outs=43
THR5,3,bench_2026-09-15_110710.log,v12,end=1,w1=0x50331,cfg=none,SC01=50,SC02=50,SC03=50,SC04=50,FP=0,L3p50=225,outs=46
THR5,4,bench_2026-09-15_110718.log,v12,end=1,w1=0x50331,cfg=none,SC01=50,SC02=50,SC03=50,SC04=50,FP=0,L3p50=231,outs=45
THR5,5,bench_2026-09-15_110726.log,v12,end=1,w1=0x50331,cfg=none,SC01=50,SC02=50,SC03=50,SC04=50,FP=0,L3p50=231,outs=48
THR5,6,bench_2026-09-15_110734.log,v12,end=1,w1=0x50331,cfg=none,SC01=50,SC02=50,SC03=50,SC04=50,FP=0,L3p50=231,outs=45
THR6,1,bench_2026-09-15_110743.log,v12,end=1,w1=0x60331,cfg=none,SC01=50,SC02=50,SC03=50,SC04=50,FP=0,L3p50=225,outs=25
THR6,2,bench_2026-09-15_110751.log,v12,end=1,w1=0x60331,cfg=none,SC01=50,SC02=50,SC03=50,SC04=50,FP=0,L3p50=225,outs=36
THR6,3,bench_2026-09-15_110800.log,v12,end=1,w1=0x60331,cfg=none,SC01=50,SC02=50,SC03=50,SC04=50,FP=0,L3p50=225,outs=27
THR6,4,bench_2026-09-15_110808.log,v12,end=1,w1=0x60331,cfg=none,SC01=50,SC02=50,SC03=50,SC04=50,FP=0,L3p50=225,outs=24
THR6,5,bench_2026-09-15_110816.log,v12,end=1,w1=0x60331,cfg=none,SC01=50,SC02=50,SC03=50,SC04=50,FP=0,L3p50=225,outs=29
THR6,6,bench_2026-09-15_110824.log,v12,end=1,w1=0x60331,cfg=none,SC01=50,SC02=50,SC03=50,SC04=50,FP=0,L3p50=225,outs=29
THR8,1,bench_2026-09-15_110833.log,v12,end=1,w1=0x80331,cfg=none,SC01=50,SC02=50,SC03=50,SC04=50,FP=0,L3p50=65685,outs=0
THR8,2,bench_2026-09-15_110842.log,v12,end=1,w1=0x80331,cfg=none,SC01=50,SC02=50,SC03=50,SC04=50,FP=0,L3p50=65685,outs=1
THR8,3,bench_2026-09-15_110851.log,v12,end=1,w1=0x80331,cfg=none,SC01=50,SC02=50,SC03=50,SC04=50,FP=0,L3p50=65685,outs=2
THR8,4,bench_2026-09-15_110859.log,v12,end=1,w1=0x80331,cfg=none,SC01=50,SC02=50,SC03=50,SC04=50,FP=0,L3p50=65685,outs=0
THR8,5,bench_2026-09-15_110907.log,v12,end=1,w1=0x80331,cfg=none,SC01=50,SC02=50,SC03=50,SC04=50,FP=0,L3p50=65685,outs=0
THR8,6,bench_2026-09-15_110915.log,v12,end=1,w1=0x80331,cfg=none,SC01=50,SC02=50,SC03=50,SC04=50,FP=0,L3p50=65685,outs=2
THR9,1,bench_2026-09-15_110926.log,v12,end=1,w1=0x90331,cfg=none,SC01=50,SC02=49,SC03=50,SC04=50,FP=0,L3p50=65685,outs=0
THR9,2,bench_2026-09-15_110934.log,v12,end=1,w1=0x90331,cfg=none,SC01=50,SC02=50,SC03=50,SC04=50,FP=0,L3p50=65685,outs=0
THR9,3,bench_2026-09-15_110943.log,v12,end=1,w1=0x90331,cfg=none,SC01=50,SC02=50,SC03=50,SC04=50,FP=0,L3p50=65685,outs=0
THR9,4,bench_2026-09-15_110952.log,v12,end=1,w1=0x90331,cfg=none,SC01=50,SC02=50,SC03=50,SC04=50,FP=0,L3p50=65685,outs=0
THR9,5,bench_2026-09-15_111002.log,v12,end=1,w1=0x90331,cfg=none,SC01=50,SC02=50,SC03=50,SC04=50,FP=0,L3p50=65685,outs=0
THR9,6,bench_2026-09-15_111010.log,v12,end=1,w1=0x90331,cfg=none,SC01=50,SC02=50,SC03=50,SC04=50,FP=0,L3p50=65685,outs=0
THR10,1,bench_2026-09-15_111019.log,v12,end=1,w1=0xa0331,cfg=none,SC01=50,SC02=48,SC03=50,SC04=50,FP=0,L3p50=65685,outs=0
THR10,2,bench_2026-09-15_111027.log,v12,end=1,w1=0xa0331,cfg=none,SC01=50,SC02=42,SC03=50,SC04=50,FP=0,L3p50=65685,outs=0
THR10,3,bench_2026-09-15_111036.log,v12,end=1,w1=0xa0331,cfg=none,SC01=50,SC02=46,SC03=50,SC04=50,FP=0,L3p50=65685,outs=0
THR10,4,bench_2026-09-15_111044.log,v12,end=1,w1=0xa0331,cfg=none,SC01=50,SC02=45,SC03=50,SC04=50,FP=0,L3p50=65685,outs=0
THR10,5,bench_2026-09-15_111054.log,v12,end=1,w1=0xa0331,cfg=none,SC01=50,SC02=47,SC03=50,SC04=50,FP=0,L3p50=65685,outs=0
THR10,6,bench_2026-09-15_111103.log,v12,end=1,w1=0xa0331,cfg=none,SC01=50,SC02=41,SC03=50,SC04=50,FP=0,L3p50=65685,outs=0
THR12,1,bench_2026-09-15_111113.log,v12,end=1,w1=0xc0331,cfg=none,SC01=50,SC02=23,SC03=50,SC04=50,FP=0,L3p50=65685,outs=0
THR12,2,bench_2026-09-15_111122.log,v12,end=1,w1=0xc0331,cfg=none,SC01=50,SC02=25,SC03=50,SC04=50,FP=0,L3p50=65685,outs=0
THR12,3,bench_2026-09-15_111131.log,v12,end=1,w1=0xc0331,cfg=none,SC01=50,SC02=28,SC03=50,SC04=50,FP=0,L3p50=65685,outs=0
THR12,4,bench_2026-09-15_111140.log,v12,end=1,w1=0xc0331,cfg=none,SC01=50,SC02=25,SC03=50,SC04=50,FP=0,L3p50=65685,outs=0
THR12,5,bench_2026-09-15_111149.log,v12,end=1,w1=0xc0331,cfg=none,SC01=50,SC02=26,SC03=50,SC04=50,FP=0,L3p50=65685,outs=0
THR12,6,bench_2026-09-15_111157.log,v12,end=1,w1=0xc0331,cfg=none,SC01=50,SC02=23,SC03=50,SC04=50,FP=0,L3p50=65685,outs=0
THR16,1,bench_2026-09-15_111206.log,v12,end=1,w1=0x100331,cfg=none,SC01=50,SC02=18,SC03=50,SC04=50,FP=0,L3p50=65685,outs=0
THR16,2,bench_2026-09-15_111215.log,v12,end=1,w1=0x100331,cfg=none,SC01=50,SC02=15,SC03=50,SC04=50,FP=0,L3p50=65685,outs=0
THR16,3,bench_2026-09-15_111223.log,v12,end=1,w1=0x100331,cfg=none,SC01=50,SC02=16,SC03=50,SC04=50,FP=0,L3p50=65685,outs=0
THR16,4,bench_2026-09-15_111232.log,v12,end=1,w1=0x100331,cfg=none,SC01=50,SC02=19,SC03=50,SC04=50,FP=0,L3p50=65685,outs=0
THR16,5,bench_2026-09-15_111241.log,v12,end=1,w1=0x100331,cfg=none,SC01=50,SC02=14,SC03=50,SC04=50,FP=0,L3p50=65685,outs=0
THR16,6,bench_2026-09-15_111249.log,v12,end=1,w1=0x100331,cfg=none,SC01=50,SC02=19,SC03=50,SC04=50,FP=0,L3p50=65685,outs=0
OUT4,1,bench_2026-09-15_111259.log,v12,end=1,w1=0x331,cfg=0x00040000,SC01=50,SC02=50,SC03=50,SC04=50,FP=0,L3p50=159,outs=50
OUT4,2,bench_2026-09-15_111307.log,v12,end=1,w1=0x331,cfg=0x00040000,SC01=50,SC02=50,SC03=50,SC04=50,FP=0,L3p50=159,outs=50
OUT4,3,bench_2026-09-15_111316.log,v12,end=1,w1=0x331,cfg=0x00040000,SC01=50,SC02=50,SC03=50,SC04=50,FP=0,L3p50=159,outs=50
OUT4,4,bench_2026-09-15_111324.log,v12,end=1,w1=0x331,cfg=0x00040000,SC01=50,SC02=50,SC03=50,SC04=50,FP=0,L3p50=159,outs=50
OUT4,5,bench_2026-09-15_111332.log,v12,end=1,w1=0x331,cfg=0x00040000,SC01=50,SC02=50,SC03=50,SC04=50,FP=0,L3p50=159,outs=50
OUT4,6,bench_2026-09-15_111340.log,v12,end=1,w1=0x331,cfg=0x00040000,SC01=50,SC02=50,SC03=50,SC04=50,FP=0,L3p50=159,outs=50
OUT8,1,bench_2026-09-15_111349.log,v12,end=1,w1=0x331,cfg=0x00080000,SC01=50,SC02=50,SC03=50,SC04=50,FP=0,L3p50=225,outs=45
OUT8,2,bench_2026-09-15_111357.log,v12,end=1,w1=0x331,cfg=0x00080000,SC01=50,SC02=50,SC03=50,SC04=50,FP=0,L3p50=225,outs=41
OUT8,3,bench_2026-09-15_111406.log,v12,end=1,w1=0x331,cfg=0x00080000,SC01=50,SC02=50,SC03=50,SC04=50,FP=0,L3p50=231,outs=42
OUT8,4,bench_2026-09-15_111414.log,v12,end=1,w1=0x331,cfg=0x00080000,SC01=50,SC02=50,SC03=50,SC04=50,FP=0,L3p50=225,outs=42
OUT8,5,bench_2026-09-15_111422.log,v12,end=1,w1=0x331,cfg=0x00080000,SC01=50,SC02=50,SC03=50,SC04=50,FP=0,L3p50=225,outs=45
OUT8,6,bench_2026-09-15_111430.log,v12,end=1,w1=0x331,cfg=0x00080000,SC01=50,SC02=50,SC03=50,SC04=50,FP=0,L3p50=225,outs=45
OUT12,1,bench_2026-09-15_111440.log,v12,end=1,w1=0x331,cfg=0x000c0000,SC01=50,SC02=50,SC03=50,SC04=50,FP=0,L3p50=65685,outs=0
OUT12,2,bench_2026-09-15_111448.log,v12,end=1,w1=0x331,cfg=0x000c0000,SC01=50,SC02=50,SC03=50,SC04=50,FP=0,L3p50=65685,outs=5
OUT12,3,bench_2026-09-15_111456.log,v12,end=1,w1=0x331,cfg=0x000c0000,SC01=50,SC02=50,SC03=50,SC04=50,FP=0,L3p50=65685,outs=0
OUT12,4,bench_2026-09-15_111504.log,v12,end=1,w1=0x331,cfg=0x000c0000,SC01=50,SC02=50,SC03=50,SC04=50,FP=0,L3p50=65685,outs=2
OUT12,5,bench_2026-09-15_111512.log,v12,end=1,w1=0x331,cfg=0x000c0000,SC01=50,SC02=50,SC03=50,SC04=50,FP=0,L3p50=65685,outs=0
OUT12,6,bench_2026-09-15_111520.log,v12,end=1,w1=0x331,cfg=0x000c0000,SC01=50,SC02=50,SC03=50,SC04=50,FP=0,L3p50=65685,outs=1
OUT24,1,bench_2026-09-15_111529.log,v12,end=1,w1=0x331,cfg=0x00180000,SC01=50,SC02=50,SC03=50,SC04=50,FP=0,L3p50=65685,outs=0
OUT24,2,bench_2026-09-15_111538.log,v12,end=1,w1=0x331,cfg=0x00180000,SC01=50,SC02=50,SC03=50,SC04=50,FP=0,L3p50=65685,outs=0
OUT24,3,bench_2026-09-15_111546.log,v12,end=1,w1=0x331,cfg=0x00180000,SC01=50,SC02=50,SC03=50,SC04=50,FP=0,L3p50=65685,outs=0
OUT24,4,bench_2026-09-15_111555.log,v12,end=1,w1=0x331,cfg=0x00180000,SC01=50,SC02=50,SC03=50,SC04=50,FP=0,L3p50=65685,outs=2
OUT24,5,bench_2026-09-15_111603.log,v12,end=1,w1=0x331,cfg=0x00180000,SC01=50,SC02=50,SC03=50,SC04=50,FP=0,L3p50=65685,outs=1
OUT24,6,bench_2026-09-15_111611.log,v12,end=1,w1=0x331,cfg=0x00180000,SC01=50,SC02=50,SC03=50,SC04=50,FP=0,L3p50=65685,outs=3
CFGB,1,bench_2026-09-15_111621.log,v12,end=1,w1=0x331,cfg=none,SC01=50,SC02=50,SC03=50,SC04=50,FP=0,L3p50=65685,outs=0
CFGB,2,bench_2026-09-15_111630.log,v12,end=1,w1=0x331,cfg=none,SC01=50,SC02=50,SC03=50,SC04=50,FP=0,L3p50=65685,outs=0
CFGB,3,bench_2026-09-15_111639.log,v12,end=1,w1=0x331,cfg=none,SC01=50,SC02=50,SC03=50,SC04=50,FP=0,L3p50=65685,outs=0
CFGB,4,bench_2026-09-15_111648.log,v12,end=1,w1=0x331,cfg=none,SC01=50,SC02=50,SC03=50,SC04=50,FP=0,L3p50=65685,outs=0
CFGB,5,bench_2026-09-15_111657.log,v12,end=1,w1=0x331,cfg=none,SC01=50,SC02=50,SC03=50,SC04=50,FP=0,L3p50=65685,outs=0
CFGB,6,bench_2026-09-15_111706.log,v12,end=1,w1=0x331,cfg=none,SC01=50,SC02=50,SC03=50,SC04=50,FP=0,L3p50=65685,outs=0
CFGD,1,bench_2026-09-15_111717.log,v12,end=1,w1=0x40331,cfg=0x02080032,SC01=50,SC02=50,SC03=50,SC04=50,FP=0,L3p50=158,outs=50
CFGD,2,bench_2026-09-15_111725.log,v12,end=1,w1=0x40331,cfg=0x02080032,SC01=50,SC02=50,SC03=50,SC04=50,FP=0,L3p50=158,outs=50
CFGD,3,bench_2026-09-15_111733.log,v12,end=1,w1=0x40331,cfg=0x02080032,SC01=50,SC02=50,SC03=50,SC04=50,FP=0,L3p50=158,outs=50
CFGD,4,bench_2026-09-15_111741.log,v12,end=1,w1=0x40331,cfg=0x02080032,SC01=50,SC02=50,SC03=50,SC04=50,FP=0,L3p50=158,outs=50
CFGD,5,bench_2026-09-15_111750.log,v12,end=1,w1=0x40331,cfg=0x02080032,SC01=50,SC02=50,SC03=50,SC04=50,FP=0,L3p50=158,outs=50
CFGD,6,bench_2026-09-15_111758.log,v12,end=1,w1=0x40331,cfg=0x02080032,SC01=50,SC02=50,SC03=50,SC04=50,FP=0,L3p50=158,outs=50
NOBG,1,bench_2026-09-15_111807.log,v12,end=1,w1=0x331,cfg=none,SC01=50,SC02=50,SC03=50,SC04=50,FP=0,L3p50=225,outs=9
NOBG,2,bench_2026-09-15_111815.log,v12,end=1,w1=0x331,cfg=none,SC01=50,SC02=50,SC03=50,SC04=50,FP=0,L3p50=225,outs=13
NOBG,3,bench_2026-09-15_111824.log,v12,end=1,w1=0x331,cfg=none,SC01=50,SC02=50,SC03=50,SC04=50,FP=0,L3p50=225,outs=29
NOBG,4,bench_2026-09-15_111832.log,v12,end=1,w1=0x331,cfg=none,SC01=50,SC02=50,SC03=50,SC04=50,FP=0,L3p50=225,outs=10
NOBG,5,bench_2026-09-15_111840.log,v12,end=1,w1=0x331,cfg=none,SC01=50,SC02=50,SC03=50,SC04=50,FP=0,L3p50=225,outs=29
NOBG,6,bench_2026-09-15_111848.log,v12,end=1,w1=0x331,cfg=none,SC01=50,SC02=50,SC03=50,SC04=50,FP=0,L3p50=225,outs=31
NOBG_OUT8,1,bench_2026-09-15_111857.log,v12,end=1,w1=0x331,cfg=0x00080000,SC01=50,SC02=50,SC03=50,SC04=50,FP=0,L3p50=225,outs=50
NOBG_OUT8,2,bench_2026-09-15_111905.log,v12,end=1,w1=0x331,cfg=0x00080000,SC01=50,SC02=50,SC03=50,SC04=50,FP=0,L3p50=225,outs=50
NOBG_OUT8,3,bench_2026-09-15_111914.log,v12,end=1,w1=0x331,cfg=0x00080000,SC01=50,SC02=50,SC03=50,SC04=50,FP=0,L3p50=225,outs=50
NOBG_OUT8,4,bench_2026-09-15_111922.log,v12,end=1,w1=0x331,cfg=0x00080000,SC01=50,SC02=50,SC03=50,SC04=50,FP=0,L3p50=225,outs=50
NOBG_OUT8,5,bench_2026-09-15_111930.log,v12,end=1,w1=0x331,cfg=0x00080000,SC01=50,SC02=50,SC03=50,SC04=50,FP=0,L3p50=225,outs=50
NOBG_OUT8,6,bench_2026-09-15_111938.log,v12,end=1,w1=0x331,cfg=0x00080000,SC01=50,SC02=50,SC03=50,SC04=50,FP=0,L3p50=225,outs=50
ENF0,1,bench_2026-09-15_112156.log,v12,end=1,w1=0x330,cfg=none,SC01=48,SC02=50,SC03=50,SC04=50,FP=0,L3p50=65685,outs=0
ENF0,2,bench_2026-09-15_112205.log,v12,end=1,w1=0x330,cfg=none,SC01=48,SC02=50,SC03=50,SC04=50,FP=0,L3p50=65685,outs=0
ENF0,3,bench_2026-09-15_112214.log,v12,end=1,w1=0x330,cfg=none,SC01=48,SC02=50,SC03=50,SC04=50,FP=0,L3p50=65685,outs=0
ENF0,4,bench_2026-09-15_112224.log,v12,end=1,w1=0x330,cfg=none,SC01=48,SC02=50,SC03=50,SC04=50,FP=0,L3p50=65685,outs=0
ENF0,5,bench_2026-09-15_112233.log,v12,end=1,w1=0x330,cfg=none,SC01=48,SC02=50,SC03=50,SC04=50,FP=0,L3p50=65685,outs=0
ENF0,6,bench_2026-09-15_112242.log,v12,end=1,w1=0x330,cfg=none,SC01=48,SC02=50,SC03=50,SC04=50,FP=0,L3p50=65685,outs=0
REF2,1,bench_2026-09-15_130041.log,v12,end=1,w1=0x331,cfg=none,SC01=50,SC02=50,SC03=50,SC04=50,FP=0,L3p50=65685,outs=0
REF2,2,bench_2026-09-15_130050.log,v12,end=1,w1=0x331,cfg=none,SC01=50,SC02=50,SC03=50,SC04=50,FP=0,L3p50=65685,outs=1
REF2,3,bench_2026-09-15_130059.log,v12,end=1,w1=0x331,cfg=none,SC01=50,SC02=50,SC03=50,SC04=50,FP=0,L3p50=65685,outs=0
REF2,4,bench_2026-09-15_130108.log,v12,end=1,w1=0x331,cfg=none,SC01=50,SC02=50,SC03=50,SC04=50,FP=0,L3p50=65685,outs=1
REF2,5,bench_2026-09-15_130117.log,v12,end=1,w1=0x331,cfg=none,SC01=50,SC02=50,SC03=50,SC04=50,FP=0,L3p50=65685,outs=4
REF2,6,bench_2026-09-15_130125.log,v12,end=1,w1=0x331,cfg=none,SC01=50,SC02=50,SC03=50,SC04=50,FP=0,L3p50=65685,outs=2
REF2,7,bench_2026-09-15_130134.log,v12,end=1,w1=0x331,cfg=none,SC01=50,SC02=50,SC03=50,SC04=50,FP=0,L3p50=65685,outs=2
REF2,8,bench_2026-09-15_130142.log,v12,end=1,w1=0x331,cfg=none,SC01=50,SC02=50,SC03=50,SC04=50,FP=0,L3p50=65685,outs=4
REF2,9,bench_2026-09-15_130150.log,v12,end=1,w1=0x331,cfg=none,SC01=50,SC02=50,SC03=50,SC04=50,FP=0,L3p50=65685,outs=2
REF2,10,bench_2026-09-15_130158.log,v12,end=1,w1=0x331,cfg=none,SC01=50,SC02=50,SC03=50,SC04=50,FP=0,L3p50=65685,outs=2
REF2,11,bench_2026-09-15_130206.log,v12,end=1,w1=0x331,cfg=none,SC01=50,SC02=50,SC03=50,SC04=50,FP=0,L3p50=65685,outs=1
REF2,12,bench_2026-09-15_130214.log,v12,end=1,w1=0x331,cfg=none,SC01=50,SC02=50,SC03=50,SC04=50,FP=0,L3p50=65685,outs=3
REF2,13,bench_2026-09-15_130222.log,v12,end=1,w1=0x331,cfg=none,SC01=50,SC02=50,SC03=50,SC04=50,FP=0,L3p50=65685,outs=2
REF2,14,bench_2026-09-15_130230.log,v12,end=1,w1=0x331,cfg=none,SC01=50,SC02=50,SC03=50,SC04=50,FP=0,L3p50=65685,outs=3
REF2,15,bench_2026-09-15_130238.log,v12,end=1,w1=0x331,cfg=none,SC01=50,SC02=50,SC03=50,SC04=50,FP=0,L3p50=65685,outs=0
REF2,16,bench_2026-09-15_130246.log,v12,end=1,w1=0x331,cfg=none,SC01=50,SC02=50,SC03=50,SC04=50,FP=0,L3p50=65685,outs=2
REF2,17,bench_2026-09-15_130255.log,v12,end=1,w1=0x331,cfg=none,SC01=50,SC02=50,SC03=50,SC04=50,FP=0,L3p50=65685,outs=0
REF2,18,bench_2026-09-15_130303.log,v12,end=1,w1=0x331,cfg=none,SC01=50,SC02=50,SC03=50,SC04=50,FP=0,L3p50=65685,outs=1
REF2,19,bench_2026-09-15_130311.log,v12,end=1,w1=0x331,cfg=none,SC01=50,SC02=50,SC03=50,SC04=50,FP=0,L3p50=65685,outs=2
REF2,20,bench_2026-09-15_130319.log,v12,end=1,w1=0x331,cfg=none,SC01=50,SC02=50,SC03=50,SC04=50,FP=0,L3p50=65685,outs=2
REF2,21,bench_2026-09-15_130327.log,v12,end=1,w1=0x331,cfg=none,SC01=50,SC02=50,SC03=50,SC04=50,FP=0,L3p50=65685,outs=0
REF2,22,bench_2026-09-15_130336.log,v12,end=1,w1=0x331,cfg=none,SC01=50,SC02=50,SC03=50,SC04=50,FP=0,L3p50=65685,outs=0
REF2,23,bench_2026-09-15_130344.log,v12,end=1,w1=0x331,cfg=none,SC01=50,SC02=50,SC03=50,SC04=50,FP=0,L3p50=65685,outs=0
REF2,24,bench_2026-09-15_130352.log,v12,end=1,w1=0x331,cfg=none,SC01=50,SC02=50,SC03=50,SC04=50,FP=0,L3p50=65685,outs=0
REF2,25,bench_2026-09-15_130400.log,v12,end=1,w1=0x331,cfg=none,SC01=50,SC02=50,SC03=50,SC04=50,FP=0,L3p50=65685,outs=0
REF2,26,bench_2026-09-15_130409.log,v12,end=1,w1=0x331,cfg=none,SC01=50,SC02=50,SC03=50,SC04=50,FP=0,L3p50=65685,outs=2
REF2,27,bench_2026-09-15_130417.log,v12,end=1,w1=0x331,cfg=none,SC01=50,SC02=50,SC03=50,SC04=50,FP=0,L3p50=65685,outs=0
REF2,28,bench_2026-09-15_130425.log,v12,end=1,w1=0x331,cfg=none,SC01=50,SC02=50,SC03=50,SC04=50,FP=0,L3p50=65685,outs=3
REF2,29,bench_2026-09-15_130433.log,v12,end=1,w1=0x331,cfg=none,SC01=50,SC02=50,SC03=50,SC04=50,FP=0,L3p50=65685,outs=2
REF2,30,bench_2026-09-15_130441.log,v12,end=1,w1=0x331,cfg=none,SC01=50,SC02=50,SC03=50,SC04=50,FP=0,L3p50=65685,outs=3
REF2,31,bench_2026-09-15_130449.log,v12,end=1,w1=0x331,cfg=none,SC01=50,SC02=50,SC03=50,SC04=50,FP=0,L3p50=65685,outs=0
REF2,32,bench_2026-09-15_130458.log,v12,end=1,w1=0x331,cfg=none,SC01=50,SC02=50,SC03=50,SC04=50,FP=0,L3p50=65685,outs=0
REF2,33,bench_2026-09-15_130506.log,v12,end=1,w1=0x331,cfg=none,SC01=50,SC02=50,SC03=50,SC04=50,FP=0,L3p50=65685,outs=1
REF2,34,bench_2026-09-15_130514.log,v12,end=1,w1=0x331,cfg=none,SC01=50,SC02=50,SC03=50,SC04=50,FP=0,L3p50=65685,outs=0
SC09d2,1,bench_2026-09-15_130523.log,v12,end=1,w1=0x331,cfg=none,SC01=50,SC02=50,SC03=50,SC04=50,FP=0,L3p50=65685,outs=1
SC09d2,2,bench_2026-09-15_130532.log,v12,end=1,w1=0x331,cfg=none,SC01=50,SC02=50,SC03=50,SC04=50,FP=0,L3p50=65685,outs=1
SC09d2,3,bench_2026-09-15_130542.log,v12,end=1,w1=0x331,cfg=none,SC01=50,SC02=50,SC03=50,SC04=50,FP=0,L3p50=65685,outs=3
SC09d2,4,bench_2026-09-15_130551.log,v12,end=1,w1=0x331,cfg=none,SC01=50,SC02=50,SC03=50,SC04=50,FP=0,L3p50=65685,outs=1
SC09d2,5,bench_2026-09-15_130600.log,v12,end=1,w1=0x331,cfg=none,SC01=50,SC02=50,SC03=50,SC04=50,FP=0,L3p50=65685,outs=1
SC09d2,6,bench_2026-09-15_130610.log,v12,end=1,w1=0x331,cfg=none,SC01=50,SC02=50,SC03=50,SC04=50,FP=0,L3p50=65685,outs=1
SC09d4,1,bench_2026-09-15_130620.log,v12,end=1,w1=0x331,cfg=none,SC01=50,SC02=50,SC03=50,SC04=50,FP=0,L3p50=65685,outs=2
SC09d4,2,bench_2026-09-15_130629.log,v12,end=1,w1=0x331,cfg=none,SC01=50,SC02=50,SC03=50,SC04=50,FP=0,L3p50=65685,outs=1
SC09d4,3,bench_2026-09-15_130639.log,v12,end=1,w1=0x331,cfg=none,SC01=50,SC02=50,SC03=50,SC04=50,FP=0,L3p50=65685,outs=3
SC09d4,4,bench_2026-09-15_130648.log,v12,end=1,w1=0x331,cfg=none,SC01=50,SC02=50,SC03=50,SC04=50,FP=0,L3p50=65685,outs=1
SC09d4,5,bench_2026-09-15_130657.log,v12,end=1,w1=0x331,cfg=none,SC01=50,SC02=50,SC03=50,SC04=50,FP=0,L3p50=65685,outs=1
SC09d4,6,bench_2026-09-15_130706.log,v12,end=1,w1=0x331,cfg=none,SC01=50,SC02=50,SC03=50,SC04=50,FP=0,L3p50=65685,outs=1
SC09d8,1,bench_2026-09-15_130717.log,v12,end=1,w1=0x331,cfg=none,SC01=50,SC02=50,SC03=50,SC04=50,FP=0,L3p50=65685,outs=1
SC09d8,2,bench_2026-09-15_130726.log,v12,end=1,w1=0x331,cfg=none,SC01=50,SC02=50,SC03=50,SC04=50,FP=0,L3p50=65685,outs=2
SC09d8,3,bench_2026-09-15_130735.log,v12,end=1,w1=0x331,cfg=none,SC01=50,SC02=50,SC03=50,SC04=50,FP=0,L3p50=65685,outs=0
SC09d8,4,bench_2026-09-15_130744.log,v12,end=1,w1=0x331,cfg=none,SC01=50,SC02=50,SC03=50,SC04=50,FP=0,L3p50=65685,outs=2
SC09d8,5,bench_2026-09-15_130753.log,v12,end=1,w1=0x331,cfg=none,SC01=50,SC02=50,SC03=50,SC04=50,FP=0,L3p50=65685,outs=0
SC09d8,6,bench_2026-09-15_130803.log,v12,end=1,w1=0x331,cfg=none,SC01=50,SC02=50,SC03=50,SC04=50,FP=0,L3p50=65685,outs=3
SC09d16,1,bench_2026-09-15_130813.log,v12,end=1,w1=0x331,cfg=none,SC01=50,SC02=50,SC03=50,SC04=50,FP=0,L3p50=65685,outs=1
SC09d16,2,bench_2026-09-15_130822.log,v12,end=1,w1=0x331,cfg=none,SC01=50,SC02=50,SC03=50,SC04=50,FP=0,L3p50=65685,outs=1
SC09d16,3,bench_2026-09-15_130831.log,v12,end=1,w1=0x331,cfg=none,SC01=50,SC02=50,SC03=50,SC04=50,FP=0,L3p50=65685,outs=1
SC09d16,4,bench_2026-09-15_130841.log,v12,end=1,w1=0x331,cfg=none,SC01=50,SC02=50,SC03=50,SC04=50,FP=0,L3p50=65685,outs=2
SC09d16,5,bench_2026-09-15_130850.log,v12,end=1,w1=0x331,cfg=none,SC01=50,SC02=50,SC03=50,SC04=50,FP=0,L3p50=65685,outs=1
SC09d16,6,bench_2026-09-15_130859.log,v12,end=1,w1=0x331,cfg=none,SC01=50,SC02=50,SC03=50,SC04=50,FP=0,L3p50=65685,outs=1
P9d2,1,bench_2026-09-15_131108.log,v12,end=1,w1=0x1731,cfg=none,SC01=50,SC02=50,SC03=50,SC04=50,FP=0,L3p50=65685,outs=0
P9d2,2,bench_2026-09-15_131117.log,v12,end=1,w1=0x1731,cfg=none,SC01=50,SC02=50,SC03=50,SC04=50,FP=0,L3p50=65685,outs=0
P9d2,3,bench_2026-09-15_131127.log,v12,end=1,w1=0x1731,cfg=none,SC01=50,SC02=50,SC03=50,SC04=50,FP=0,L3p50=65685,outs=0
P9d2,4,bench_2026-09-15_131136.log,v12,end=1,w1=0x1731,cfg=none,SC01=50,SC02=50,SC03=50,SC04=50,FP=0,L3p50=65685,outs=0
P9d2,5,bench_2026-09-15_131145.log,v12,end=1,w1=0x1731,cfg=none,SC01=50,SC02=50,SC03=50,SC04=50,FP=0,L3p50=65685,outs=0
P9d2,6,bench_2026-09-15_131154.log,v12,end=1,w1=0x1731,cfg=none,SC01=50,SC02=50,SC03=50,SC04=50,FP=0,L3p50=65685,outs=0
P9d4,1,bench_2026-09-15_131204.log,v12,end=1,w1=0x1731,cfg=none,SC01=50,SC02=50,SC03=50,SC04=50,FP=0,L3p50=65685,outs=0
P9d4,2,bench_2026-09-15_131214.log,v12,end=1,w1=0x1731,cfg=none,SC01=50,SC02=50,SC03=50,SC04=50,FP=0,L3p50=65685,outs=0
P9d4,3,bench_2026-09-15_131223.log,v12,end=1,w1=0x1731,cfg=none,SC01=50,SC02=50,SC03=50,SC04=50,FP=0,L3p50=65685,outs=0
P9d4,4,bench_2026-09-15_131232.log,v12,end=1,w1=0x1731,cfg=none,SC01=50,SC02=50,SC03=50,SC04=50,FP=0,L3p50=65685,outs=0
P9d4,5,bench_2026-09-15_131241.log,v12,end=1,w1=0x1731,cfg=none,SC01=50,SC02=50,SC03=50,SC04=50,FP=0,L3p50=65685,outs=0
P9d4,6,bench_2026-09-15_131250.log,v12,end=1,w1=0x1731,cfg=none,SC01=50,SC02=50,SC03=50,SC04=50,FP=0,L3p50=65685,outs=0
P9d8,1,bench_2026-09-15_131301.log,v12,end=1,w1=0x1731,cfg=none,SC01=50,SC02=50,SC03=50,SC04=50,FP=0,L3p50=65685,outs=0
P9d8,2,bench_2026-09-15_131310.log,v12,end=1,w1=0x1731,cfg=none,SC01=50,SC02=50,SC03=50,SC04=50,FP=0,L3p50=65685,outs=0
P9d8,3,bench_2026-09-15_131319.log,v12,end=1,w1=0x1731,cfg=none,SC01=50,SC02=50,SC03=50,SC04=50,FP=0,L3p50=65685,outs=0
P9d8,4,bench_2026-09-15_131328.log,v12,end=1,w1=0x1731,cfg=none,SC01=50,SC02=50,SC03=50,SC04=50,FP=0,L3p50=65685,outs=0
P9d8,5,bench_2026-09-15_131338.log,v12,end=1,w1=0x1731,cfg=none,SC01=50,SC02=50,SC03=50,SC04=50,FP=0,L3p50=65685,outs=0
P9d8,6,bench_2026-09-15_131347.log,v12,end=1,w1=0x1731,cfg=none,SC01=50,SC02=50,SC03=50,SC04=50,FP=0,L3p50=65685,outs=0
P9d16,1,bench_2026-09-15_131357.log,v12,end=1,w1=0x1731,cfg=none,SC01=50,SC02=50,SC03=50,SC04=50,FP=0,L3p50=65685,outs=0
P9d16,2,bench_2026-09-15_131406.log,v12,end=1,w1=0x1731,cfg=none,SC01=50,SC02=50,SC03=50,SC04=50,FP=0,L3p50=65685,outs=0
P9d16,3,bench_2026-09-15_131415.log,v12,end=1,w1=0x1731,cfg=none,SC01=50,SC02=50,SC03=50,SC04=50,FP=0,L3p50=65685,outs=0
P9d16,4,bench_2026-09-15_131424.log,v12,end=1,w1=0x1731,cfg=none,SC01=50,SC02=50,SC03=50,SC04=50,FP=0,L3p50=65685,outs=0
P9d16,5,bench_2026-09-15_131434.log,v12,end=1,w1=0x1731,cfg=none,SC01=50,SC02=50,SC03=50,SC04=50,FP=0,L3p50=65685,outs=0
P9d16,6,bench_2026-09-15_131443.log,v12,end=1,w1=0x1731,cfg=none,SC01=50,SC02=50,SC03=50,SC04=50,FP=0,L3p50=65685,outs=0
